task,type,best_model,accuracy,precision,recall,f1,roc_auc,RMSE,MAE,R2
classification_cc50_gt_median,classification,Random Forest,0.8109452736318408,0.8297872340425532,0.78,0.8041237113402062,0.9026732673267328,,,
classification_ic50_gt_median,classification,Random Forest,0.7611940298507462,0.7407407407407407,0.8,0.7692307692307693,0.8392574257425743,,,
classification_si_gt_8,classification,Random Forest,0.7064676616915423,0.6,0.5416666666666666,0.5693430656934306,0.7543604651162791,,,
classification_si_gt_median,classification,Random Forest,0.6616915422885572,0.6818181818181818,0.6,0.6382978723404256,0.6874752475247524,,,
regression_cc50,regression,Random Forest,,,,,,415.7470960718151,235.8605567268513,0.6666108752522816
regression_ic50,regression,Gradient Boosting,,,,,,415.4896891376008,208.81485242588232,0.4824556776830548
regression_si,regression,Gradient Boosting,,,,,,1353.4736992656212,198.3020007398985,0.0880123782791918
